"id","username","password","role"
2,user2@example.com,$2a$10$I4RnnqAT.nfZ7JNKxQjNneNON.NsHQVOXnIiG4vyO4WaTG.j3iluK,employee
1,user1@example.com,$2a$10$3XB33V0rWCRkU/U7uATICuke02bwcwK9ng7L4CrsM8UPwUZJtPs4m,admin
3,user3@example.com,$2a$10$iEyeid671.vAt9NDDVCSy.K/rIBR1FkxS5TBbUroO1fr3kqaJRQ.C,employee
4,user4@example.com,$2a$10$Y9JEC0MgQTFJgxF1t74DXeE7ZEMgRyMVuubhd622qoy/pPkpBx2Iq,employee
5,user5@example.com,$2a$10$Y/o0sRLA6mGp8FS766B.cuVJUDHdY9VhxVppedXgeyeX68EXcjrbe,employee
6,user6@example.com,$2a$10$dUECT4hCra6AYYvVeqryH.Ia96iqseA3k2krw.cu2r9XqDKVeb5VK,employee
7,user7@example.com,$2a$10$WKN6tWs3t2OIWFqy1QONtuUALzUIHtEnz8xr/MJe9LzVswIiS10g2,employee
8,user8@example.com,$2a$10$DKq66b24CGIio9pSASHl1uQHYeCIU8r8dAJhLw.d19bSjrFGjVSPm,employee
9,user9@example.com,$2a$10$TDjMJwjf43c1edkPYfartuVNWKexLR/OugGBaIDpmf6pecZrVszze,employee
10,user10@example.com,$2a$10$9C35QBoEH7K8VIayPoCi2OOGoZGsrELuxlLnxY/hB8x/WA5yEUMVe,employee
11,user11@example.com,$2a$10$D.Kv1z8e2U5fhGv2FOhaoeCtrUPbC0.Zo0P5x1k4RFw9CS5qojxuG,employee
12,user12@example.com,$2a$10$GLDtEWbAE.a2sSPNxuG1peuOxKRUK7I/8vaz76BVlJRLfawte6hPi,employee
13,user13@example.com,$2a$10$Co3bKQVzaj1cLxMjSsvtRuZZI012MQuAsmJRAdIRYnBbafWIS2dwa,employee
14,user14@example.com,$2a$10$2TqBVdWv1JQHpfSeB4/YouVmAjHReQ3uLjVliFf7HbOKmFj..Lpeu,employee
15,user15@example.com,$2a$10$A2CR488jnv5XLtdUAslTEedNMdHpgAWXW0OtLyBdYftyAUnrU5Una,employee
16,user16@example.com,$2a$10$COJtIKMNIgVEKuo/IfK/n.aPx7vv1o9fm4DuULgtZ2YVnYMBWc41e,employee
17,user17@example.com,$2a$10$i05ls7hSFsF2.9CryOMv0elDXiiYeC2eSwACkdKcK7TQbtBS.N86.,employee
18,user18@example.com,$2a$10$HPcUWSzxothIisDFlgVXxOjofKT0.MuzSXuEIB1.8dJfAqnVFfIs6,employee
19,user19@example.com,$2a$10$/iXFKiQzlIYzNz9pt2GYJurrnvyEgOBhrsslz/DvFqa7.8n9ClgLi,employee
20,user20@example.com,$2a$10$2XuYqY9ch7ezZ7ySdFROlu5a2/3lzYE1FNk/aRjw2u4rOYM5KiumK,employee
21,user21@example.com,$2a$10$Lbs8sYjdZYFNyS6NispeNe2MWbK6fC2a5QmkqtVpuEAQZ5asT2tOi,employee
22,user22@example.com,$2a$10$OGDBOSXCfK0clc2YLeBr5OODY6Vx/9Uxi82Mc7H/3NPUXfhTMGhLW,employee
23,user23@example.com,$2a$10$QzdZUKWgSoEIxyjLp0KwPujpv.sLehxYlA2BOxlU7.X6J/o64wa2G,employee
24,user24@example.com,$2a$10$RvpM9bD9cGMNaKK2m3woyOAKrftA8Jsve8p2lOnmgJRK5v1vkZ5T6,employee
25,user25@example.com,$2a$10$8nWJutxS/e4psooVPN60jeu00YM3pWOqs3igAMlRciAjxU/ehmW16,employee
26,user26@example.com,$2a$10$IzILgBjtXUxhLHKRwv/OfeUJCR4mNdBGWNlJ28sMyGsn9zXC5DwKa,employee
27,user27@example.com,$2a$10$p0eHa5k8GO672RukmwBKc.a2o6rarYOOhEuuhhPEkBBpZTUK3mTPy,employee
28,user28@example.com,$2a$10$m/kK9LQc5huZdOtoeePjXOudW3Uk8kyyoJ5laTGfC69G81jWCfNnG,employee
29,user29@example.com,$2a$10$Q9cWirelz8RSeZ/Ywkoq5.Oq8tVQyiVANiETpZhWTxLtGs2DOtQzW,employee
30,user30@example.com,$2a$10$A3IQU0FoNkEi3d8lSCyfUuPI/ZsN.1KNESmnfBQ.INTcAxY8fyR1a,employee
31,user31@example.com,$2a$10$Sen/XRGpLMzlnOzGOcoAkeTFy2GhZ/LKr27DN3uuhSeF/sNyGQeAq,employee
32,user32@example.com,$2a$10$RSTKbt9I8HMwGJ00X/J8ceUZKZc5wvjnfYo7J/OAbp35HMPULH1B2,employee
33,user33@example.com,$2a$10$rySFAg2UazfX1ACxRxUdg.FGFZSzMML2IzIK3v6CEYtbrAsHGdeSy,employee
34,user34@example.com,$2a$10$..mDPUbN8KUiS1ouRt71EuH.C.xiwPmn6u6atCuq/3qrVL46DjxDS,employee
35,user35@example.com,$2a$10$sveLp0gryGaJ.FSfduYDt.4dTfMTXvI9Rgkp1rc9/BMZGkVbEGuE2,employee
36,user36@example.com,$2a$10$z3vYjl.pruy6MbTjwlM.COCR/s6qC/Bwig7dxwG1RoaHUCvy5pElK,employee
37,user37@example.com,$2a$10$06pdRmeCpL6g7yUHxWEGxODkpVfqyyK6n6jKUedNENcZbefGyl7sK,employee
38,user38@example.com,$2a$10$zOVYepLEFGFRPCYaFxQrCuNhJ0kVkkFL8ucsHnrQOSSrm7p7frb4e,employee
39,user39@example.com,$2a$10$iW8As0RdTsZqwcmhBUGj0ed3S7W1S65Ljr8lOoQyhEgSrGVR94tMu,employee
40,user40@example.com,$2a$10$p2M59AB07qoOXkCp7xCXXuPJ.viZDJfbX5.UJ0U6O7c8ioCMxDm5m,employee
41,user41@example.com,$2a$10$zxdN925DDgQaaQtYgpBgWuI/KldVhUNXo0M6OC4Fk2klbxWHcnzFe,employee
42,user42@example.com,$2a$10$348m1dJsTX5ro1WAhwelweW5YNw/Sh83D3rJN0qpFxDlkZn.2bVkq,employee
43,user43@example.com,$2a$10$zOpgD.xo1C4mC6zsSA0XE.68DTSYyvlDkAHZXdncy9gxz9m4jpL9O,employee
44,user44@example.com,$2a$10$jfVrlBHRWuZ77bYt9sMAd.XJ0qj08MFSshuvmN1gIc9YXGIftLfc2,employee
45,user45@example.com,$2a$10$6.5L.10GhcNt.chO6F4Wv./FozLEvkQ93.mKYV..e7NUszJpxgkvO,employee
46,user46@example.com,$2a$10$LgZfp6kD2iqlrj9HcQNLVOIT9ZceiyevcVmWqkqI7LnRu3HYkDdBm,employee
47,user47@example.com,$2a$10$MyCTaCCP2g1GDvLq2LZ8cu1w/IEZeerUHw2CW9qYXw5mSGRvhyWzm,employee
48,user48@example.com,$2a$10$bYaN4HuPJEhWjzWL8cWMS.9By/kAvPhf1ZrLN50CEYZg78MWGRgqe,employee
49,user49@example.com,$2a$10$vgOR88DQ6CoR/BIPIAhjQO88cmHf1PbBEbXvrN9jFtOiaw/P/r16e,employee
50,user50@example.com,$2a$10$hV/OOrfGXFxW.04ONG4VaOwO6n.9kqu9Zh8D7LKUj7GiVmcPjrTCS,employee
51,user51@example.com,$2a$10$nrvnXV/kq6/0s.DSmqoAVuktGPLmvWWYh4JqTfzo6lx9dfYLOcQCm,employee
52,user52@example.com,$2a$10$W2P2P8QyHuZHHYrwdvgBNeMHf.5p4vvVV/UdTg9QwqS6Nfm6eVfRK,employee
53,user53@example.com,$2a$10$svQxwaHCG6CNS/fbt0r6rOLHo9Pk89MmDqB09t8O0wX.q7gUE0ura,employee
54,user54@example.com,$2a$10$5P23F9pFExcMU78nBqK/dO3kNgiZjyWCDgIcMEXhz9WcICjgzRlTK,employee
55,user55@example.com,$2a$10$2yQP2u81MTiAN4T4Up8f2.n9ifHtyZLovQmB5uxQ69.dpbTXTtPey,employee
56,user56@example.com,$2a$10$RLTtZkFtHlx93mzcBGMCb.IAootABLVG4d9NFesTfKx486mPfs5NC,employee
57,user57@example.com,$2a$10$i1HW14HtSEGnz4bU72fPbuwrZMavUpqNvhFI.6JUnnPoylgRqqT7.,employee
58,user58@example.com,$2a$10$44fP2l6Ktot6YOm9eISb8OVO6Q94aSRGE5As1joseV1GcuHKwx6L2,employee
59,user59@example.com,$2a$10$09kXnOjzvND4cwHBg3tHg.TNYFDqp3VMoKQjn.nzLt1y3cECeryrO,employee
60,user60@example.com,$2a$10$ftsFu85qumQNZZkcwTrSceM6op.gq4A7aejYxB.WIItnlUg8B.hBO,employee
61,user61@example.com,$2a$10$lNZPWa4/m8XKzVjXfDSAAuv0ZyY8fI0sQWbsEk2U8iqlcbpQC03Ee,employee
62,user62@example.com,$2a$10$JJ/HIMRVznr0ocguwdjN6OFkWLMu6vhXPT2gj73RccrVm3FdRoiZO,employee
63,user63@example.com,$2a$10$yD.FiEDXyZI7MO4iqGg8S.vsu7U6hXxxs/p7x9Y8fmB6kSjGS3RQa,employee
64,user64@example.com,$2a$10$c4UUxKBAaAM07wtDZ4puPu36OkC1wpNuq8lJR0KsWar9DqMa0HKsG,employee
65,user65@example.com,$2a$10$pz768oe.O0l6QCCx/cQV9eEv3SaYw2oOCKBLICuaSg5ufR24Xyuru,employee
66,user66@example.com,$2a$10$Xlz6dY2svytxWw6MzYX7pe9KY8jXF7F5DaoD23EHnxpKnFFFRhVQS,employee
67,user67@example.com,$2a$10$JfKw.koHkRavXv3JmkxuMeCTySNYR9W62Izb4MfUhQpN.PCGGL1Bi,employee
68,user68@example.com,$2a$10$M8UV1gliOOOWL/om0rYgEuJRzcOY6KHB5J46BCBJ72htxyvs.R32u,employee
69,user69@example.com,$2a$10$sye2FviAOoYcqICVIdUlWe6jyj5q.bp1Ijm12/JX4tuhNE8cefpky,employee
70,user70@example.com,$2a$10$gKe6mu.dZiHvqnwvvrmPYOG4RltA2cpxrttctJu7Rx3ajANt4dbRC,employee
71,user71@example.com,$2a$10$CemEjP8Tci2o11V5ufOqWuLDseOVLbMrz7SQYq6AhRb7GzJ/yTRWC,employee
72,user72@example.com,$2a$10$0pQlhBHqynfXtV/PeiK/BuYB0BnHnY/dHY8I0n2r6SEqpQBlKf.si,employee
73,user73@example.com,$2a$10$M7g.Q.QpbEr8qeT6MmuY1OTW8KjCr6vXW2ow5CS7zLCmySoEAK.AC,employee
74,user74@example.com,$2a$10$7KnluKnRqUVAvGThjM/lr.o/uQO5m6z.SneMrMaPOwk8fhLR9r752,employee
75,user75@example.com,$2a$10$sYSFt5Ontmz0kBkEMUpDmeDs8I7.T7qlyxZIfr3qkrTiLt1jNv2uO,employee
76,user76@example.com,$2a$10$vqW1QtHOAx9IZ4v83Cg70O4zcNfZHb0ftXejvhRv2aavmxLk4WbAW,employee
77,user77@example.com,$2a$10$AFTV1Yh8sC9ImM3Bris9H.2NGS8c1ElDjPrYlA/R0uqiurGAE2YtS,employee
78,user78@example.com,$2a$10$Wwoig2jqKL54JTptvpXdfeVjABlO9JeHn8jj5zvXm/jdVj7Zo3mSq,employee
79,user79@example.com,$2a$10$PcPlhTppH8zHBUiwSIVGCOEgCyHG0ssE36iPkz5PaOIPtHVaGtQ.q,employee
80,user80@example.com,$2a$10$QzQbq3esWpBrCnmIRsD1eu.P/FDtXDBEW2qcspg9XqMpJ94msW2Um,employee
81,user81@example.com,$2a$10$yGEl7m1aY9ky5HjSeoK46uBUnZQC3mvLBKKzpE8jsK4PHUEO1zQ0C,employee
82,user82@example.com,$2a$10$u3ZHfXxgdGl7JpnuZIwhOeEW7YQZ6ufpcbvkbu5RNPwoUDZYBmM5a,employee
83,user83@example.com,$2a$10$jFFuHuNJ9LZrv9wAG8S53u05RXBzqaKDsoNv1m2yEOJDFl88F2U36,employee
84,user84@example.com,$2a$10$8895fbrg4EV0pnLB0j/l6.4iC8oaOt59ch4dKR7uKZ4HzN2ITuTDG,employee
85,user85@example.com,$2a$10$8lTBaZIvQRq6ll.cWzFFiOUob6O039y5wHOEMRBtsxjYNkHoQanWS,employee
86,user86@example.com,$2a$10$leUov3G8nPfX1nMhSpHhDe6ovDDU5BcR8s4Yy1Ku50wcwa6rKrMBC,employee
87,user87@example.com,$2a$10$QrJ8l7LqFEDAP0XKXrWe3e/ECqUreXWSyiqqvCGv85blcPgB4FBNC,employee
88,user88@example.com,$2a$10$5XFmLqwXpGSrbC.LJeZ1t.f0a6gqeVhZjXS0IBVfQcB/rcs5dsMW2,employee
89,user89@example.com,$2a$10$DqNFX0QTghr6mxDdBiYWdu2mzvV4GYBXF482SgcsBiff5R9tLELiK,employee
90,user90@example.com,$2a$10$tcZJ4sHctjPb3imhCk7KXOKLdfqLVRSpvgfinI7vcZAyB.x4DVGSq,employee
91,user91@example.com,$2a$10$enLWadUGfJC1U7uSXdgKJuFskq4G1nk77wRkFKxF6iyxh9o61HSKu,employee
92,user92@example.com,$2a$10$ucc7dLyoIhZ3lPWksmHCX.yt7jHSixeVmbbbLCfstRgU0HHjxBBJy,employee
93,user93@example.com,$2a$10$6Y1npOSfJgxiPEC0yk8cSuT7zmzfPUfI/iB/zAwTxnk.GFTmR5Jbm,employee
94,user94@example.com,$2a$10$zZ6L141/dyUnCFUWRN7V4OYwVa1jWWMxL625C5i0fsJsXvHxw/fEa,employee
95,user95@example.com,$2a$10$iPE2nMJTgb9HLn/EQxfpOOxPBjzrJczxcyPheKvRmGgpQe/kRIFrS,employee
96,user96@example.com,$2a$10$qLBSRMw.gnvCZUagPYPK9O02gXgIeYhaDW2RgfwZGwtHOHyACC3m2,employee
97,user97@example.com,$2a$10$QcTN5p/3jMz8Oqil0E3vwuz7YwhMv5OUrZMTaEMQMsJ7hPCwOtzHW,employee
98,user98@example.com,$2a$10$.lPunznZ4ADbpC3y5PFfdugrIYRpracsPdcdG1f2YGW9UfyljCJAi,employee
99,user99@example.com,$2a$10$8Snq5krwoeMLlKBbffPpcuPj8dm2WbhdD3hVQ.2VO6SN4KAW9HjPy,employee
100,user100@example.com,$2a$10$XnlOzRq4L5gyF7b/50oPF.gQwPUd.pr8d/weJMbC6qeSOM1iFBGAG,employee
